<?xml version="1.0" encoding="UTF-8"?>
<!DOCTYPE nmaprun>
<?xml-stylesheet href="file:///usr/bin/../share/nmap/nmap.xsl" type="text/xsl"?>
<!-- Nmap 7.92 scan initiated Wed Feb 28 11:46:06 2024 as: nmap -vv -&#45;open -Pn -&#45;min-hostgroup 256 -&#45;min-rate 1280 -sSV -p- -oA scan_Silk 172.16.1.145 -->
<nmaprun scanner="nmap" args="nmap -vv -&#45;open -Pn -&#45;min-hostgroup 256 -&#45;min-rate 1280 -sSV -p- -oA scan_Silk 172.16.1.145" start="1709138766" startstr="Wed Feb 28 11:46:06 2024" version="7.92" xmloutputversion="1.05">
<scaninfo type="syn" protocol="tcp" numservices="65535" services="1-65535"/>
<verbose level="2"/>
<debugging level="0"/>
<taskbegin task="Parallel DNS resolution of 1 host." time="1709138766"/>
<taskend task="Parallel DNS resolution of 1 host." time="1709138766"/>
<taskbegin task="SYN Stealth Scan" time="1709138766"/>
<taskprogress task="SYN Stealth Scan" time="1709138797" percent="29.79" remaining="74" etc="1709138870"/>
<taskprogress task="SYN Stealth Scan" time="1709138827" percent="59.62" remaining="42" etc="1709138868"/>
<taskend task="SYN Stealth Scan" time="1709138861" extrainfo="65535 total ports"/>
<taskbegin task="Service scan" time="1709138861"/>
<taskend task="Service scan" time="1709138867" extrainfo="3 services on 1 host"/>
<taskbegin task="NSE" time="1709138867"/>
<taskend task="NSE" time="1709138867"/>
<taskbegin task="NSE" time="1709138867"/>
<taskend task="NSE" time="1709138867"/>
<host starttime="1709138766" endtime="1709138867"><status state="up" reason="user-set" reason_ttl="0"/>
<address addr="172.16.1.145" addrtype="ipv4"/>
<hostnames>
</hostnames>
<ports><extraports state="filtered" count="65532">
<extrareasons reason="no-response" count="65532" proto="tcp" ports="1-138,140-444,446-3388,3390-65535"/>
</extraports>
<port protocol="tcp" portid="139"><state state="open" reason="syn-ack" reason_ttl="127"/><service name="netbios-ssn" product="Microsoft Windows netbios-ssn" ostype="Windows" method="probed" conf="10"><cpe>cpe:/o:microsoft:windows</cpe></service></port>
<port protocol="tcp" portid="445"><state state="open" reason="syn-ack" reason_ttl="127"/><service name="microsoft-ds" product="Microsoft Windows 7 - 10 microsoft-ds" extrainfo="workgroup: ORIONSCORP" hostname="USUARIO-PC" ostype="Windows" method="probed" conf="10"><cpe>cpe:/o:microsoft:windows</cpe></service></port>
<port protocol="tcp" portid="3389"><state state="open" reason="syn-ack" reason_ttl="127"/><service name="tcpwrapped" method="probed" conf="8"/></port>
</ports>
<times srtt="711" rttvar="59" to="100000"/>
</host>
<runstats><finished time="1709138867" timestr="Wed Feb 28 11:47:47 2024" summary="Nmap done at Wed Feb 28 11:47:47 2024; 1 IP address (1 host up) scanned in 101.77 seconds" elapsed="101.77" exit="success"/><hosts up="1" down="0" total="1"/>
</runstats>
</nmaprun>
