<?xml version="1.0" encoding="UTF-8"?>
<!DOCTYPE nmaprun>
<?xml-stylesheet href="file:///usr/bin/../share/nmap/nmap.xsl" type="text/xsl"?>
<!-- Nmap 7.92 scan initiated Thu Feb 29 15:18:17 2024 as: nmap -vv -&#45;open -Pn -&#45;min-hostgroup 256 -&#45;min-rate 1280 -sSVC -p- -oA scan_139 172.16.1.139 -->
<nmaprun scanner="nmap" args="nmap -vv -&#45;open -Pn -&#45;min-hostgroup 256 -&#45;min-rate 1280 -sSVC -p- -oA scan_139 172.16.1.139" start="1709237897" startstr="Thu Feb 29 15:18:17 2024" version="7.92" xmloutputversion="1.05">
<scaninfo type="syn" protocol="tcp" numservices="65535" services="1-65535"/>
<verbose level="2"/>
<debugging level="0"/>
<taskbegin task="NSE" time="1709237897"/>
<taskend task="NSE" time="1709237897"/>
<taskbegin task="NSE" time="1709237897"/>
<taskend task="NSE" time="1709237897"/>
<taskbegin task="NSE" time="1709237897"/>
<taskend task="NSE" time="1709237897"/>
<taskbegin task="Parallel DNS resolution of 1 host." time="1709237897"/>
<taskend task="Parallel DNS resolution of 1 host." time="1709237897"/>
<taskbegin task="SYN Stealth Scan" time="1709237897"/>
<taskprogress task="SYN Stealth Scan" time="1709237928" percent="19.89" remaining="125" etc="1709238053"/>
<taskprogress task="SYN Stealth Scan" time="1709237958" percent="40.30" remaining="91" etc="1709238048"/>
<taskprogress task="SYN Stealth Scan" time="1709237988" percent="64.18" remaining="51" etc="1709238039"/>
<taskend task="SYN Stealth Scan" time="1709238027" extrainfo="65535 total ports"/>
<taskbegin task="Service scan" time="1709238027"/>
<taskend task="Service scan" time="1709238038" extrainfo="2 services on 1 host"/>
<taskbegin task="NSE" time="1709238038"/>
<taskend task="NSE" time="1709238038"/>
<taskbegin task="NSE" time="1709238038"/>
<taskend task="NSE" time="1709238038"/>
<taskbegin task="NSE" time="1709238038"/>
<taskend task="NSE" time="1709238038"/>
<host starttime="1709237897" endtime="1709238038"><status state="up" reason="user-set" reason_ttl="0"/>
<address addr="172.16.1.139" addrtype="ipv4"/>
<hostnames>
</hostnames>
<ports><extraports state="filtered" count="65532">
<extrareasons reason="no-response" count="65532" proto="tcp" ports="1-79,81-442,444-3388,3390-65535"/>
</extraports>
<extraports state="closed" count="1">
<extrareasons reason="reset" count="1" proto="tcp" ports="443"/>
</extraports>
<port protocol="tcp" portid="80"><state state="open" reason="syn-ack" reason_ttl="127"/><service name="http" product="Microsoft IIS httpd" version="6.0" ostype="Windows" method="probed" conf="10"><cpe>cpe:/a:microsoft:internet_information_server:6.0</cpe><cpe>cpe:/o:microsoft:windows</cpe></service><script id="http-title" output="Under Construction"><elem key="title">Under Construction</elem>
</script><script id="http-methods" output="&#xa;  Supported Methods: OPTIONS TRACE GET HEAD POST&#xa;  Potentially risky methods: TRACE"><table key="Supported Methods">
<elem>OPTIONS</elem>
<elem>TRACE</elem>
<elem>GET</elem>
<elem>HEAD</elem>
<elem>POST</elem>
</table>
<table key="Potentially risky methods">
<elem>TRACE</elem>
</table>
</script><script id="http-server-header" output="Microsoft-IIS/6.0"><elem>Microsoft-IIS/6.0</elem>
</script></port>
<port protocol="tcp" portid="3389"><state state="open" reason="syn-ack" reason_ttl="127"/><service name="ms-wbt-server" product="Microsoft Terminal Service" ostype="Windows" method="probed" conf="10"><cpe>cpe:/o:microsoft:windows</cpe></service></port>
</ports>
<times srtt="532" rttvar="44" to="100000"/>
</host>
<taskbegin task="NSE" time="1709238038"/>
<taskend task="NSE" time="1709238038"/>
<taskbegin task="NSE" time="1709238038"/>
<taskend task="NSE" time="1709238038"/>
<taskbegin task="NSE" time="1709238038"/>
<taskend task="NSE" time="1709238038"/>
<runstats><finished time="1709238038" timestr="Thu Feb 29 15:20:38 2024" summary="Nmap done at Thu Feb 29 15:20:38 2024; 1 IP address (1 host up) scanned in 141.63 seconds" elapsed="141.63" exit="success"/><hosts up="1" down="0" total="1"/>
</runstats>
</nmaprun>
