<?xml version="1.0" encoding="UTF-8"?>
<!DOCTYPE nmaprun>
<?xml-stylesheet href="file:///usr/bin/../share/nmap/nmap.xsl" type="text/xsl"?>
<!-- Nmap 7.92 scan initiated Mon Mar  4 07:44:58 2024 as: nmap -vv -&#45;open -Pn -&#45;min-hostgroup 256 -&#45;min-rate 1280 -sSVC -p- -oA scan_158 172.16.1.158 -->
<nmaprun scanner="nmap" args="nmap -vv -&#45;open -Pn -&#45;min-hostgroup 256 -&#45;min-rate 1280 -sSVC -p- -oA scan_158 172.16.1.158" start="1709556298" startstr="Mon Mar  4 07:44:58 2024" version="7.92" xmloutputversion="1.05">
<scaninfo type="syn" protocol="tcp" numservices="65535" services="1-65535"/>
<verbose level="2"/>
<debugging level="0"/>
<taskbegin task="NSE" time="1709556298"/>
<taskend task="NSE" time="1709556298"/>
<taskbegin task="NSE" time="1709556298"/>
<taskend task="NSE" time="1709556298"/>
<taskbegin task="NSE" time="1709556298"/>
<taskend task="NSE" time="1709556298"/>
<taskbegin task="Parallel DNS resolution of 1 host." time="1709556298"/>
<taskend task="Parallel DNS resolution of 1 host." time="1709556298"/>
<taskbegin task="SYN Stealth Scan" time="1709556298"/>
<taskprogress task="SYN Stealth Scan" time="1709556329" percent="29.57" remaining="74" etc="1709556403"/>
<taskprogress task="SYN Stealth Scan" time="1709556349" percent="49.16" remaining="53" etc="1709556402"/>
<taskprogress task="SYN Stealth Scan" time="1709556349" percent="49.62" remaining="52" etc="1709556401"/>
<taskend task="SYN Stealth Scan" time="1709556394" extrainfo="65535 total ports"/>
<taskbegin task="Service scan" time="1709556394"/>
<taskend task="Service scan" time="1709556400" extrainfo="1 service on 1 host"/>
<taskbegin task="NSE" time="1709556400"/>
<taskend task="NSE" time="1709556400"/>
<taskbegin task="NSE" time="1709556400"/>
<taskend task="NSE" time="1709556400"/>
<taskbegin task="NSE" time="1709556400"/>
<taskend task="NSE" time="1709556400"/>
<host starttime="1709556298" endtime="1709556400"><status state="up" reason="user-set" reason_ttl="0"/>
<address addr="172.16.1.158" addrtype="ipv4"/>
<hostnames>
</hostnames>
<ports><extraports state="filtered" count="65534">
<extrareasons reason="no-response" count="65534" proto="tcp" ports="1-79,81-65535"/>
</extraports>
<port protocol="tcp" portid="80"><state state="open" reason="syn-ack" reason_ttl="63"/><service name="http" product="Apache httpd" method="probed" conf="10"><cpe>cpe:/a:apache:http_server</cpe></service><script id="http-server-header" output="Apache"><elem>Apache</elem>
</script><script id="http-methods" output="&#xa;  Supported Methods: GET HEAD POST OPTIONS"><table key="Supported Methods">
<elem>GET</elem>
<elem>HEAD</elem>
<elem>POST</elem>
<elem>OPTIONS</elem>
</table>
</script><script id="http-title" output="Alunmaq Corp"><elem key="title">Alunmaq Corp</elem>
</script></port>
</ports>
<times srtt="545" rttvar="53" to="100000"/>
</host>
<taskbegin task="NSE" time="1709556400"/>
<taskend task="NSE" time="1709556400"/>
<taskbegin task="NSE" time="1709556400"/>
<taskend task="NSE" time="1709556400"/>
<taskbegin task="NSE" time="1709556400"/>
<taskend task="NSE" time="1709556400"/>
<runstats><finished time="1709556400" timestr="Mon Mar  4 07:46:40 2024" summary="Nmap done at Mon Mar  4 07:46:40 2024; 1 IP address (1 host up) scanned in 101.88 seconds" elapsed="101.88" exit="success"/><hosts up="1" down="0" total="1"/>
</runstats>
</nmaprun>
