<?xml version="1.0" encoding="UTF-8"?>
<!DOCTYPE nmaprun>
<?xml-stylesheet href="file:///usr/bin/../share/nmap/nmap.xsl" type="text/xsl"?>
<!-- Nmap 7.92 scan initiated Thu Feb 29 13:33:04 2024 as: nmap -vv -&#45;open -Pn -&#45;min-hostgroup 256 -&#45;min-rate 1280 -sSVC -p- -oA scan_110 172.16.1.110 -->
<nmaprun scanner="nmap" args="nmap -vv -&#45;open -Pn -&#45;min-hostgroup 256 -&#45;min-rate 1280 -sSVC -p- -oA scan_110 172.16.1.110" start="1709231584" startstr="Thu Feb 29 13:33:04 2024" version="7.92" xmloutputversion="1.05">
<scaninfo type="syn" protocol="tcp" numservices="65535" services="1-65535"/>
<verbose level="2"/>
<debugging level="0"/>
<taskbegin task="NSE" time="1709231584"/>
<taskend task="NSE" time="1709231584"/>
<taskbegin task="NSE" time="1709231584"/>
<taskend task="NSE" time="1709231584"/>
<taskbegin task="NSE" time="1709231584"/>
<taskend task="NSE" time="1709231584"/>
<taskbegin task="Parallel DNS resolution of 1 host." time="1709231585"/>
<taskend task="Parallel DNS resolution of 1 host." time="1709231585"/>
<taskbegin task="SYN Stealth Scan" time="1709231585"/>
<taskprogress task="SYN Stealth Scan" time="1709231616" percent="30.25" remaining="72" etc="1709231687"/>
<taskprogress task="SYN Stealth Scan" time="1709231646" percent="60.14" remaining="41" etc="1709231686"/>
<taskend task="SYN Stealth Scan" time="1709231686" extrainfo="65535 total ports"/>
<taskbegin task="Service scan" time="1709231686"/>
<taskend task="Service scan" time="1709231697" extrainfo="1 service on 1 host"/>
<taskbegin task="NSE" time="1709231697"/>
<taskend task="NSE" time="1709231697"/>
<taskbegin task="NSE" time="1709231697"/>
<taskend task="NSE" time="1709231697"/>
<taskbegin task="NSE" time="1709231697"/>
<taskend task="NSE" time="1709231697"/>
<host starttime="1709231585" endtime="1709231697"><status state="up" reason="user-set" reason_ttl="0"/>
<address addr="172.16.1.110" addrtype="ipv4"/>
<hostnames>
</hostnames>
<ports><extraports state="filtered" count="65534">
<extrareasons reason="no-response" count="65534" proto="tcp" ports="1-3388,3390-65535"/>
</extraports>
<port protocol="tcp" portid="3389"><state state="open" reason="syn-ack" reason_ttl="127"/><service name="ms-wbt-server" product="Microsoft Terminal Service" ostype="Windows" method="probed" conf="10"><cpe>cpe:/o:microsoft:windows</cpe></service></port>
</ports>
<times srtt="1893" rttvar="2460" to="100000"/>
</host>
<taskbegin task="NSE" time="1709231697"/>
<taskend task="NSE" time="1709231697"/>
<taskbegin task="NSE" time="1709231697"/>
<taskend task="NSE" time="1709231697"/>
<taskbegin task="NSE" time="1709231697"/>
<taskend task="NSE" time="1709231697"/>
<runstats><finished time="1709231697" timestr="Thu Feb 29 13:34:57 2024" summary="Nmap done at Thu Feb 29 13:34:57 2024; 1 IP address (1 host up) scanned in 113.01 seconds" elapsed="113.01" exit="success"/><hosts up="1" down="0" total="1"/>
</runstats>
</nmaprun>
