<?xml version="1.0" encoding="UTF-8"?>
<!DOCTYPE nmaprun>
<?xml-stylesheet href="file:///usr/bin/../share/nmap/nmap.xsl" type="text/xsl"?>
<!-- Nmap 7.92 scan initiated Wed Feb 28 13:27:14 2024 as: nmap -vv -&#45;open -Pn -&#45;min-hostgroup 256 -&#45;min-rate 1280 -sSV -p- -oA scan_ASLA 172.16.1.155 -->
<nmaprun scanner="nmap" args="nmap -vv -&#45;open -Pn -&#45;min-hostgroup 256 -&#45;min-rate 1280 -sSV -p- -oA scan_ASLA 172.16.1.155" start="1709144834" startstr="Wed Feb 28 13:27:14 2024" version="7.92" xmloutputversion="1.05">
<scaninfo type="syn" protocol="tcp" numservices="65535" services="1-65535"/>
<verbose level="2"/>
<debugging level="0"/>
<taskbegin task="Parallel DNS resolution of 1 host." time="1709144834"/>
<taskend task="Parallel DNS resolution of 1 host." time="1709144834"/>
<taskbegin task="SYN Stealth Scan" time="1709144834"/>
<taskprogress task="SYN Stealth Scan" time="1709144865" percent="29.60" remaining="74" etc="1709144939"/>
<taskprogress task="SYN Stealth Scan" time="1709144895" percent="59.43" remaining="42" etc="1709144937"/>
<taskend task="SYN Stealth Scan" time="1709144930" extrainfo="65535 total ports"/>
<taskbegin task="Service scan" time="1709144930"/>
<taskend task="Service scan" time="1709144947" extrainfo="5 services on 1 host"/>
<taskbegin task="NSE" time="1709144947"/>
<taskend task="NSE" time="1709144947"/>
<taskbegin task="NSE" time="1709144947"/>
<taskend task="NSE" time="1709144947"/>
<host starttime="1709144834" endtime="1709144947"><status state="up" reason="user-set" reason_ttl="0"/>
<address addr="172.16.1.155" addrtype="ipv4"/>
<hostnames>
</hostnames>
<ports><extraports state="filtered" count="65530">
<extrareasons reason="no-response" count="65530" proto="tcp" ports="1-52,54-80,82-221,223-443,445-8079,8081-65535"/>
</extraports>
<port protocol="tcp" portid="53"><state state="open" reason="syn-ack" reason_ttl="63"/><service name="domain" product="Unbound" method="probed" conf="10"><cpe>cpe:/a:nlnetlabs:unbound</cpe></service></port>
<port protocol="tcp" portid="81"><state state="open" reason="syn-ack" reason_ttl="63"/><service name="http" product="Apache httpd" method="probed" conf="10"><cpe>cpe:/a:apache:http_server</cpe></service></port>
<port protocol="tcp" portid="222"><state state="open" reason="syn-ack" reason_ttl="63"/><service name="ssh" product="OpenSSH" version="7.3" extrainfo="protocol 2.0" method="probed" conf="10"><cpe>cpe:/a:openbsd:openssh:7.3</cpe></service></port>
<port protocol="tcp" portid="444"><state state="open" reason="syn-ack" reason_ttl="63"/><service name="http" product="Apache httpd" tunnel="ssl" method="probed" conf="10"><cpe>cpe:/a:apache:http_server</cpe></service></port>
<port protocol="tcp" portid="8080"><state state="open" reason="syn-ack" reason_ttl="63"/><service name="http" product="SimpleHTTPServer" version="0.6" extrainfo="Python 2.7.10" method="probed" conf="10"><cpe>cpe:/a:python:simplehttpserver:0.6</cpe></service></port>
</ports>
<times srtt="695" rttvar="36" to="100000"/>
</host>
<runstats><finished time="1709144947" timestr="Wed Feb 28 13:29:07 2024" summary="Nmap done at Wed Feb 28 13:29:07 2024; 1 IP address (1 host up) scanned in 112.99 seconds" elapsed="112.99" exit="success"/><hosts up="1" down="0" total="1"/>
</runstats>
</nmaprun>
